mmsi,flag,mahalanobis,predicted,confidence,method
204111655,Bahamas,7.559555157798925,1,0.0,EllipticEnvelope/MCD
211617904,Bahamas,2.8677410715690006,1,0.0,EllipticEnvelope/MCD
244246514,Bahamas,13.62325578031996,1,0.0,EllipticEnvelope/MCD
256138286,Bahamas,4.997173952942308,1,0.0,EllipticEnvelope/MCD
260273820,Bahamas,2.611470518706454,1,0.0,EllipticEnvelope/MCD
263371036,Bahamas,44.306767393654,-1,0.23044147402998316,EllipticEnvelope/MCD
273664882,Bahamas,1.9732760439179804,1,0.0,EllipticEnvelope/MCD
275200104,Bahamas,3.5943252585161076,1,0.0,EllipticEnvelope/MCD
279762531,Bahamas,31.516483392304668,1,0.0,EllipticEnvelope/MCD
288924361,Bahamas,2.0777234497537846,1,0.0,EllipticEnvelope/MCD
289401636,Bahamas,2.8252412957942843,1,0.0,EllipticEnvelope/MCD
293447967,Bahamas,1.5956684911491659,1,0.0,EllipticEnvelope/MCD
303830441,Bahamas,2.1794512714031877,1,0.0,EllipticEnvelope/MCD
314355800,Bahamas,13.175718723764163,1,0.0,EllipticEnvelope/MCD
321571144,Bahamas,2.806273669125882,1,0.0,EllipticEnvelope/MCD
324742591,Bahamas,3.2453740782473917,1,0.0,EllipticEnvelope/MCD
330948908,Bahamas,1.8417873113139676,1,0.0,EllipticEnvelope/MCD
333279592,Bahamas,5.255384565719029,1,0.0,EllipticEnvelope/MCD
333886054,Bahamas,1.4519079767777698,1,0.0,EllipticEnvelope/MCD
337866372,Bahamas,5.398068425405686,1,0.0,EllipticEnvelope/MCD
345917757,Bahamas,1.4101354345345476,1,0.0,EllipticEnvelope/MCD
353821583,Bahamas,9.03561260861846,1,0.0,EllipticEnvelope/MCD
360342720,Bahamas,4.964812642150801,1,0.0,EllipticEnvelope/MCD
361510820,Bahamas,1.5025444783855981,1,0.0,EllipticEnvelope/MCD
375047621,Bahamas,11.154716664825173,1,0.0,EllipticEnvelope/MCD
383307372,Bahamas,76.99288735220813,-1,1.0,EllipticEnvelope/MCD
396838191,Bahamas,1.2701158751900072,1,0.0,EllipticEnvelope/MCD
418216232,Bahamas,1.0329431360364612,1,0.0,EllipticEnvelope/MCD
422816465,Bahamas,14.335582704406926,1,0.0,EllipticEnvelope/MCD
430323255,Bahamas,6.934293542717322,1,0.0,EllipticEnvelope/MCD
438102804,Bahamas,3.000214243215425,1,0.0,EllipticEnvelope/MCD
442558328,Bahamas,9.476266824794866,1,0.0,EllipticEnvelope/MCD
443828407,Bahamas,7.1975121492173715,1,0.0,EllipticEnvelope/MCD
455207826,Bahamas,2.3347308546189844,1,0.0,EllipticEnvelope/MCD
459764910,Bahamas,18.32540442247128,1,0.0,EllipticEnvelope/MCD
488577018,Bahamas,3.1963488764708976,1,0.0,EllipticEnvelope/MCD
492428548,Bahamas,37.475101053931795,-1,0.04071953998672492,EllipticEnvelope/MCD
494975711,Bahamas,6.234774695058428,1,0.0,EllipticEnvelope/MCD
499938651,Bahamas,11.606578917092367,1,0.0,EllipticEnvelope/MCD
507138220,Bahamas,78.01099287842048,-1,1.0,EllipticEnvelope/MCD
511350085,Bahamas,4.469953945220874,1,0.0,EllipticEnvelope/MCD
520578344,Bahamas,9.695433245583105,1,0.0,EllipticEnvelope/MCD
545105896,Bahamas,59.40305790408059,-1,0.6496799570138406,EllipticEnvelope/MCD
548985726,Bahamas,0.6795519973632956,1,0.0,EllipticEnvelope/MCD
568947254,Bahamas,1.0604977527515689,1,0.0,EllipticEnvelope/MCD
572400748,Bahamas,19.543265042262398,1,0.0,EllipticEnvelope/MCD
574475615,Bahamas,2.44538813806034,1,0.0,EllipticEnvelope/MCD
578585585,Bahamas,5.436523677595512,1,0.0,EllipticEnvelope/MCD
597682613,Bahamas,0.8339407097145679,1,0.0,EllipticEnvelope/MCD
613845594,Bahamas,39.440425835417706,-1,0.09529849628010455,EllipticEnvelope/MCD
629456642,Bahamas,9.038650953619078,1,0.0,EllipticEnvelope/MCD
631257671,Bahamas,3.7658777675972526,1,0.0,EllipticEnvelope/MCD
641127136,Bahamas,3.066029371450186,1,0.0,EllipticEnvelope/MCD
647805776,Bahamas,1.0997298362961947,1,0.0,EllipticEnvelope/MCD
659731996,Bahamas,15.620839320901357,1,0.0,EllipticEnvelope/MCD
683276186,Bahamas,3.6952250949470375,1,0.0,EllipticEnvelope/MCD
686208585,Bahamas,18.624293295334233,1,0.0,EllipticEnvelope/MCD
689796314,Bahamas,2.636797056720771,1,0.0,EllipticEnvelope/MCD
697745795,Bahamas,30.160282705829086,1,0.0,EllipticEnvelope/MCD
704843269,Bahamas,4.0089832853525085,1,0.0,EllipticEnvelope/MCD
738849774,Bahamas,1.0758868211779087,1,0.0,EllipticEnvelope/MCD
739418888,Bahamas,4.60941395871265,1,0.0,EllipticEnvelope/MCD
748359141,Bahamas,4.447684221856905,1,0.0,EllipticEnvelope/MCD
753582834,Bahamas,6.429146203749488,1,0.0,EllipticEnvelope/MCD
753673738,Bahamas,3.2951340044907074,1,0.0,EllipticEnvelope/MCD
754313150,Bahamas,9.89197564481816,1,0.0,EllipticEnvelope/MCD
754922447,Bahamas,15.727560528348574,1,0.0,EllipticEnvelope/MCD
766040528,Bahamas,2.497345840839172,1,0.0,EllipticEnvelope/MCD
768349235,Bahamas,7.364099599079108,1,0.0,EllipticEnvelope/MCD
774339038,Bahamas,6.925955289304046,1,0.0,EllipticEnvelope/MCD
779191453,Bahamas,1.4984539473226437,1,0.0,EllipticEnvelope/MCD
789472539,Bahamas,2.8345993577138735,1,0.0,EllipticEnvelope/MCD
792163190,Bahamas,2.4270524715946338,1,0.0,EllipticEnvelope/MCD
792597146,Bahamas,4.861981053325014,1,0.0,EllipticEnvelope/MCD
208551916,China,10.77145165420944,1,0.0,EllipticEnvelope/MCD
211548097,China,0.838404765125198,1,0.0,EllipticEnvelope/MCD
216417532,China,5.088624124504386,1,0.0,EllipticEnvelope/MCD
225857489,China,16.978740899088205,1,0.0,EllipticEnvelope/MCD
239574544,China,1.0447557083785772,1,0.0,EllipticEnvelope/MCD
245760948,China,1.2042968322495895,1,0.0,EllipticEnvelope/MCD
251603728,China,11.700937391957382,1,0.0,EllipticEnvelope/MCD
253462026,China,1.858021213951808,1,0.0,EllipticEnvelope/MCD
254059131,China,5.305125656138752,1,0.0,EllipticEnvelope/MCD
258846593,China,0.6829201078027972,1,0.0,EllipticEnvelope/MCD
270127453,China,1.6487770132173534,1,0.0,EllipticEnvelope/MCD
270308779,China,3.419296326234105,1,0.0,EllipticEnvelope/MCD
272658165,China,2.7162486623402042,1,0.0,EllipticEnvelope/MCD
275369472,China,1.8973720696692207,1,0.0,EllipticEnvelope/MCD
292189198,China,1.56929801634825,1,0.0,EllipticEnvelope/MCD
295965871,China,2.99159720060723,1,0.0,EllipticEnvelope/MCD
299685327,China,6.51879284692263,1,0.0,EllipticEnvelope/MCD
300905246,China,0.623966868514485,1,0.0,EllipticEnvelope/MCD
305441760,China,4.443231440254835,1,0.0,EllipticEnvelope/MCD
305792048,China,6.9679386214316095,1,0.0,EllipticEnvelope/MCD
307986418,China,2.3157110708324904,1,0.0,EllipticEnvelope/MCD
308695892,China,2.498873653313485,1,0.0,EllipticEnvelope/MCD
321784058,China,2.907390102824279,1,0.0,EllipticEnvelope/MCD
353691130,China,6.057579736397806,1,0.0,EllipticEnvelope/MCD
355835421,China,0.06945854456875451,1,0.0,EllipticEnvelope/MCD
361903938,China,13.201947643582672,1,0.0,EllipticEnvelope/MCD
369325711,China,2.0646656699566677,1,0.0,EllipticEnvelope/MCD
370219145,China,7.799492866566676,1,0.0,EllipticEnvelope/MCD
375096037,China,6.167820085235879,1,0.0,EllipticEnvelope/MCD
379393743,China,4.06181875037967,1,0.0,EllipticEnvelope/MCD
390182507,China,7.216887127592664,1,0.0,EllipticEnvelope/MCD
408835992,China,1.1702917885130903,1,0.0,EllipticEnvelope/MCD
410992457,China,0.7050609552499745,1,0.0,EllipticEnvelope/MCD
416064970,China,1.726994054961309,1,0.0,EllipticEnvelope/MCD
418271823,China,1.7978336356048688,1,0.0,EllipticEnvelope/MCD
429489274,China,5.468219548352971,1,0.0,EllipticEnvelope/MCD
440461093,China,0.8148977589872598,1,0.0,EllipticEnvelope/MCD
442995932,China,4.978534223761076,1,0.0,EllipticEnvelope/MCD
443799491,China,8.830815618656425,1,0.0,EllipticEnvelope/MCD
444470257,China,1.7519592549004321,1,0.0,EllipticEnvelope/MCD
448742787,China,4.140604789494996,1,0.0,EllipticEnvelope/MCD
449977525,China,1.7708180301129377,1,0.0,EllipticEnvelope/MCD
450769975,China,13.58181210953015,1,0.0,EllipticEnvelope/MCD
465772627,China,3.1279132492619577,1,0.0,EllipticEnvelope/MCD
469777847,China,10.655015266861193,1,0.0,EllipticEnvelope/MCD
470359883,China,4.033373895912762,1,0.0,EllipticEnvelope/MCD
482501437,China,1.2923453938673077,1,0.0,EllipticEnvelope/MCD
499604556,China,0.16898932345820672,1,0.0,EllipticEnvelope/MCD
504831183,China,1.7429378283728203,1,0.0,EllipticEnvelope/MCD
507890656,China,1.0912215073681693,1,0.0,EllipticEnvelope/MCD
518745437,China,22.301389173755876,-1,0.22519567942389723,EllipticEnvelope/MCD
528269609,China,5.674144328456067,1,0.0,EllipticEnvelope/MCD
537057172,China,2.215040029845918,1,0.0,EllipticEnvelope/MCD
539864913,China,1.252457245989019,1,0.0,EllipticEnvelope/MCD
548124432,China,4.007222647490089,1,0.0,EllipticEnvelope/MCD
548806116,China,1.4001798247085766,1,0.0,EllipticEnvelope/MCD
549787961,China,0.9290567184513855,1,0.0,EllipticEnvelope/MCD
551710952,China,9.144045697098079,1,0.0,EllipticEnvelope/MCD
556460612,China,0.46295652231280454,1,0.0,EllipticEnvelope/MCD
556636357,China,7.259084016241642,1,0.0,EllipticEnvelope/MCD
560033049,China,0.04615059807289217,1,0.0,EllipticEnvelope/MCD
565842368,China,0.4222366352304322,1,0.0,EllipticEnvelope/MCD
566098838,China,0.6103852785297442,1,0.0,EllipticEnvelope/MCD
577242803,China,1.6117472016585364,1,0.0,EllipticEnvelope/MCD
585807313,China,2.014259448833995,1,0.0,EllipticEnvelope/MCD
591277434,China,7.574417953633523,1,0.0,EllipticEnvelope/MCD
604969493,China,18.7579036464988,-1,0.030523359943212848,EllipticEnvelope/MCD
608121001,China,12.095643550248354,1,0.0,EllipticEnvelope/MCD
611040535,China,4.806188663076532,1,0.0,EllipticEnvelope/MCD
611918295,China,3.1466068326345416,1,0.0,EllipticEnvelope/MCD
613718689,China,0.9917968689944191,1,0.0,EllipticEnvelope/MCD
613973879,China,8.723090029718314,1,0.0,EllipticEnvelope/MCD
614687847,China,1.1511461951642226,1,0.0,EllipticEnvelope/MCD
628571464,China,5.704465937417106,1,0.0,EllipticEnvelope/MCD
630752895,China,0.5997299260511592,1,0.0,EllipticEnvelope/MCD
630898988,China,12.837362364917942,1,0.0,EllipticEnvelope/MCD
633114101,China,3.4766396699017066,1,0.0,EllipticEnvelope/MCD
642476777,China,18.967229143732965,-1,0.04202330251658238,EllipticEnvelope/MCD
647153817,China,19.13017231446552,-1,0.05097508875813576,EllipticEnvelope/MCD
657721811,China,0.2966699505286716,1,0.0,EllipticEnvelope/MCD
665043604,China,3.9566325722817237,1,0.0,EllipticEnvelope/MCD
671439793,China,7.218383370150143,1,0.0,EllipticEnvelope/MCD
707000071,China,7.3390536490866936,1,0.0,EllipticEnvelope/MCD
713738657,China,3.2969502786674716,1,0.0,EllipticEnvelope/MCD
716823280,China,0.49336908312499933,1,0.0,EllipticEnvelope/MCD
720463075,China,4.138657327265868,1,0.0,EllipticEnvelope/MCD
723636831,China,4.80537394438686,1,0.0,EllipticEnvelope/MCD
730358706,China,0.1132017614636517,1,0.0,EllipticEnvelope/MCD
744527202,China,2.8276091512183554,1,0.0,EllipticEnvelope/MCD
753345065,China,5.370955918462876,1,0.0,EllipticEnvelope/MCD
755940023,China,2.1587776629585207,1,0.0,EllipticEnvelope/MCD
762178422,China,1.2947759796614562,1,0.0,EllipticEnvelope/MCD
763146211,China,8.46507359951926,1,0.0,EllipticEnvelope/MCD
763973816,China,1.8307753756870118,1,0.0,EllipticEnvelope/MCD
772687223,China,0.6530487083135913,1,0.0,EllipticEnvelope/MCD
777666051,China,0.8251886473301082,1,0.0,EllipticEnvelope/MCD
780872220,China,3.149834279488272,1,0.0,EllipticEnvelope/MCD
782964567,China,1.073525807028077,1,0.0,EllipticEnvelope/MCD
791982495,China,5.319356218106433,1,0.0,EllipticEnvelope/MCD
792191610,China,1.01569906896973,1,0.0,EllipticEnvelope/MCD
792478979,China,1.8604990440070501,1,0.0,EllipticEnvelope/MCD
798437882,China,20.2164622431334,-1,0.11065378037846749,EllipticEnvelope/MCD
203295373,Denmark,16.243415197824625,1,0.0,EllipticEnvelope/MCD
212186950,Denmark,6.376225770679308,1,0.0,EllipticEnvelope/MCD
214748253,Denmark,0.7479313040403824,1,0.0,EllipticEnvelope/MCD
224497350,Denmark,3.6128790919215743,1,0.0,EllipticEnvelope/MCD
226809877,Denmark,1.401532592918882,1,0.0,EllipticEnvelope/MCD
236576735,Denmark,1.1138174422922316,1,0.0,EllipticEnvelope/MCD
242221601,Denmark,1.5565451208967545,1,0.0,EllipticEnvelope/MCD
249217423,Denmark,19.73808885456112,-1,0.040341444155668156,EllipticEnvelope/MCD
254445689,Denmark,2.7205631003746746,1,0.0,EllipticEnvelope/MCD
283205861,Denmark,5.170198595718663,1,0.0,EllipticEnvelope/MCD
289775372,Denmark,4.826872688467763,1,0.0,EllipticEnvelope/MCD
299479186,Denmark,1.031003545324257,1,0.0,EllipticEnvelope/MCD
306585349,Denmark,0.3868243929271024,1,0.0,EllipticEnvelope/MCD
309163379,Denmark,1.186348576494082,1,0.0,EllipticEnvelope/MCD
312462705,Denmark,1.9154948610447715,1,0.0,EllipticEnvelope/MCD
324958822,Denmark,10.279597534499048,1,0.0,EllipticEnvelope/MCD
340668048,Denmark,3.2273708004347585,1,0.0,EllipticEnvelope/MCD
341249881,Denmark,3.7881928058140875,1,0.0,EllipticEnvelope/MCD
350251451,Denmark,0.9894614206220941,1,0.0,EllipticEnvelope/MCD
350657692,Denmark,2.2143250180079512,1,0.0,EllipticEnvelope/MCD
360833773,Denmark,3.412271531045644,1,0.0,EllipticEnvelope/MCD
368365433,Denmark,10.855604765442889,1,0.0,EllipticEnvelope/MCD
378367378,Denmark,2.761252892833362,1,0.0,EllipticEnvelope/MCD
379597254,Denmark,5.411287493671772,1,0.0,EllipticEnvelope/MCD
380494325,Denmark,2.3171860550399357,1,0.0,EllipticEnvelope/MCD
381954352,Denmark,1.9965002054316536,1,0.0,EllipticEnvelope/MCD
384450029,Denmark,2.6719799130556843,1,0.0,EllipticEnvelope/MCD
384550733,Denmark,11.329012331413912,1,0.0,EllipticEnvelope/MCD
389614255,Denmark,1.3253163204481013,1,0.0,EllipticEnvelope/MCD
405517314,Denmark,2.7243077252904766,1,0.0,EllipticEnvelope/MCD
410019201,Denmark,2.160012260652717,1,0.0,EllipticEnvelope/MCD
412845068,Denmark,3.908419957537328,1,0.0,EllipticEnvelope/MCD
413062848,Denmark,4.301990888223001,1,0.0,EllipticEnvelope/MCD
414040537,Denmark,14.36608846144314,1,0.0,EllipticEnvelope/MCD
418950990,Denmark,0.4597742864837309,1,0.0,EllipticEnvelope/MCD
422236152,Denmark,2.2953909362466383,1,0.0,EllipticEnvelope/MCD
429191774,Denmark,4.400211805775688,1,0.0,EllipticEnvelope/MCD
429463049,Denmark,8.327452347806522,1,0.0,EllipticEnvelope/MCD
431340436,Denmark,3.8822361109665176,1,0.0,EllipticEnvelope/MCD
434377681,Denmark,2.766831654880686,1,0.0,EllipticEnvelope/MCD
441799840,Denmark,1.2241871821459682,1,0.0,EllipticEnvelope/MCD
457122734,Denmark,2.470041415863248,1,0.0,EllipticEnvelope/MCD
458498610,Denmark,4.22798195767035,1,0.0,EllipticEnvelope/MCD
466426533,Denmark,3.631800658193999,1,0.0,EllipticEnvelope/MCD
469514250,Denmark,4.8369411099713036,1,0.0,EllipticEnvelope/MCD
472597180,Denmark,1.4059591557808704,1,0.0,EllipticEnvelope/MCD
474003611,Denmark,18.16409099775146,1,0.0,EllipticEnvelope/MCD
478707016,Denmark,6.5450562720099885,1,0.0,EllipticEnvelope/MCD
487307571,Denmark,0.27699524322190516,1,0.0,EllipticEnvelope/MCD
497246798,Denmark,8.450631699268104,1,0.0,EllipticEnvelope/MCD
506756098,Denmark,1.3459743400561233,1,0.0,EllipticEnvelope/MCD
515300056,Denmark,7.401685866110454,1,0.0,EllipticEnvelope/MCD
518636217,Denmark,5.667939672108146,1,0.0,EllipticEnvelope/MCD
529630684,Denmark,2.57149799751723,1,0.0,EllipticEnvelope/MCD
530158148,Denmark,5.394969318291605,1,0.0,EllipticEnvelope/MCD
537006791,Denmark,1.3602799734033029,1,0.0,EllipticEnvelope/MCD
544496921,Denmark,5.643954054965542,1,0.0,EllipticEnvelope/MCD
545386868,Denmark,8.339142090029503,1,0.0,EllipticEnvelope/MCD
563404199,Denmark,5.283978618765441,1,0.0,EllipticEnvelope/MCD
580232268,Denmark,1.1781481637289477,1,0.0,EllipticEnvelope/MCD
584940566,Denmark,6.277606964301201,1,0.0,EllipticEnvelope/MCD
591498401,Denmark,8.11712451206239,1,0.0,EllipticEnvelope/MCD
599525298,Denmark,0.5697198709100845,1,0.0,EllipticEnvelope/MCD
602448584,Denmark,2.2950714253636515,1,0.0,EllipticEnvelope/MCD
604824558,Denmark,4.4654405010896046,1,0.0,EllipticEnvelope/MCD
632129532,Denmark,0.8759839586178929,1,0.0,EllipticEnvelope/MCD
637173265,Denmark,29.81568682477,-1,0.571504461162993,EllipticEnvelope/MCD
647288961,Denmark,21.871474726945422,-1,0.15278646128835321,EllipticEnvelope/MCD
648657172,Denmark,8.228579625594751,1,0.0,EllipticEnvelope/MCD
660617716,Denmark,0.773232193512409,1,0.0,EllipticEnvelope/MCD
662348240,Denmark,4.4675606006941715,1,0.0,EllipticEnvelope/MCD
667225274,Denmark,0.8918201968989509,1,0.0,EllipticEnvelope/MCD
667673622,Denmark,12.073414582051138,1,0.0,EllipticEnvelope/MCD
677959191,Denmark,0.29635077485723876,1,0.0,EllipticEnvelope/MCD
680476451,Denmark,3.6835333184798267,1,0.0,EllipticEnvelope/MCD
683663765,Denmark,0.8953777878474876,1,0.0,EllipticEnvelope/MCD
685694091,Denmark,2.064040966195043,1,0.0,EllipticEnvelope/MCD
701852009,Denmark,2.323420174098758,1,0.0,EllipticEnvelope/MCD
703637316,Denmark,1.5166004328907823,1,0.0,EllipticEnvelope/MCD
714252611,Denmark,0.7948946062709851,1,0.0,EllipticEnvelope/MCD
717151265,Denmark,19.319250473670493,-1,0.01826560240349741,EllipticEnvelope/MCD
721604393,Denmark,5.084903947524184,1,0.0,EllipticEnvelope/MCD
723722389,Denmark,1.0844291918491267,1,0.0,EllipticEnvelope/MCD
725306361,Denmark,3.250005352035902,1,0.0,EllipticEnvelope/MCD
733723778,Denmark,0.22388963345394938,1,0.0,EllipticEnvelope/MCD
742854816,Denmark,1.2182539571412556,1,0.0,EllipticEnvelope/MCD
754816502,Denmark,6.065953674618909,1,0.0,EllipticEnvelope/MCD
767801946,Denmark,1.9232701002807275,1,0.0,EllipticEnvelope/MCD
771305759,Denmark,4.47982265386114,1,0.0,EllipticEnvelope/MCD
779719852,Denmark,31.03738353647737,-1,0.6358968008035238,EllipticEnvelope/MCD
783109193,Denmark,2.2817009345645913,1,0.0,EllipticEnvelope/MCD
784993050,Denmark,5.172685328669877,1,0.0,EllipticEnvelope/MCD
205927097,France,12.76089368941473,1,0.0,EllipticEnvelope/MCD
207068046,France,0.46883287574785515,1,0.0,EllipticEnvelope/MCD
221716335,France,7.871493892138467,1,0.0,EllipticEnvelope/MCD
224255892,France,1.527115319296085,1,0.0,EllipticEnvelope/MCD
224472298,France,1.6900089559469054,1,0.0,EllipticEnvelope/MCD
224756004,France,5.871932239861731,1,0.0,EllipticEnvelope/MCD
229631895,France,6.654544403096456,1,0.0,EllipticEnvelope/MCD
232898606,France,0.8241645690532529,1,0.0,EllipticEnvelope/MCD
232986245,France,1.577613028519099,1,0.0,EllipticEnvelope/MCD
242442486,France,8.095737224479697,1,0.0,EllipticEnvelope/MCD
245445168,France,2.183952749182525,1,0.0,EllipticEnvelope/MCD
246056778,France,1.155631238340748,1,0.0,EllipticEnvelope/MCD
248607497,France,3.0654608415702,1,0.0,EllipticEnvelope/MCD
249354554,France,5.697079674782313,1,0.0,EllipticEnvelope/MCD
258954341,France,2.2921021545917437,1,0.0,EllipticEnvelope/MCD
260690058,France,2.443701459178675,1,0.0,EllipticEnvelope/MCD
266578761,France,3.7939285029142837,1,0.0,EllipticEnvelope/MCD
269833961,France,1.8717152258256584,1,0.0,EllipticEnvelope/MCD
273564660,France,6.555880923173361,1,0.0,EllipticEnvelope/MCD
279944509,France,0.8635395750414477,1,0.0,EllipticEnvelope/MCD
280901691,France,10.678317713524761,1,0.0,EllipticEnvelope/MCD
290000334,France,1.2742361637914568,1,0.0,EllipticEnvelope/MCD
298360481,France,3.0397997752669017,1,0.0,EllipticEnvelope/MCD
307516995,France,6.970005523094426,1,0.0,EllipticEnvelope/MCD
313389958,France,2.526617584276111,1,0.0,EllipticEnvelope/MCD
328293597,France,0.7548962218564972,1,0.0,EllipticEnvelope/MCD
339096327,France,1.949086624909948,1,0.0,EllipticEnvelope/MCD
342815822,France,8.544565212516241,1,0.0,EllipticEnvelope/MCD
346077672,France,1.3805920454204297,1,0.0,EllipticEnvelope/MCD
347221944,France,17.615141487988435,-1,0.19128788801379285,EllipticEnvelope/MCD
358348599,France,3.698048529337058,1,0.0,EllipticEnvelope/MCD
364856950,France,22.553476940598607,-1,0.5252607496939075,EllipticEnvelope/MCD
374389765,France,2.5461045105546076,1,0.0,EllipticEnvelope/MCD
375252389,France,1.7619049813433907,1,0.0,EllipticEnvelope/MCD
382967807,France,4.189311061966001,1,0.0,EllipticEnvelope/MCD
399373193,France,1.2071472989791299,1,0.0,EllipticEnvelope/MCD
403275944,France,5.149737231723293,1,0.0,EllipticEnvelope/MCD
403401992,France,0.9727492428430343,1,0.0,EllipticEnvelope/MCD
409720576,France,4.181993932749033,1,0.0,EllipticEnvelope/MCD
430213890,France,6.6140895104306985,1,0.0,EllipticEnvelope/MCD
432596188,France,1.5150947938879424,1,0.0,EllipticEnvelope/MCD
440753173,France,0.27166607213403,1,0.0,EllipticEnvelope/MCD
443461886,France,0.9693042119970022,1,0.0,EllipticEnvelope/MCD
446212691,France,2.2200598555727,1,0.0,EllipticEnvelope/MCD
455663655,France,1.3294249693079596,1,0.0,EllipticEnvelope/MCD
462828696,France,3.4818011965439495,1,0.0,EllipticEnvelope/MCD
467574402,France,3.8051465080927684,1,0.0,EllipticEnvelope/MCD
469045896,France,4.068519951716047,1,0.0,EllipticEnvelope/MCD
482218335,France,0.4675233586284114,1,0.0,EllipticEnvelope/MCD
489144334,France,7.934134782642579,1,0.0,EllipticEnvelope/MCD
491185579,France,4.682066749261617,1,0.0,EllipticEnvelope/MCD
510468741,France,8.497048949051559,1,0.0,EllipticEnvelope/MCD
510872204,France,18.034482570185244,-1,0.21964735095130578,EllipticEnvelope/MCD
510967857,France,7.508215603080073,1,0.0,EllipticEnvelope/MCD
512084278,France,2.2264320147710075,1,0.0,EllipticEnvelope/MCD
516479771,France,0.9669828250600618,1,0.0,EllipticEnvelope/MCD
520580257,France,2.504695225825328,1,0.0,EllipticEnvelope/MCD
557579724,France,2.6027473128550165,1,0.0,EllipticEnvelope/MCD
562875712,France,26.85312306330575,-1,0.8160399269272663,EllipticEnvelope/MCD
565056189,France,4.78562924359391,1,0.0,EllipticEnvelope/MCD
570320500,France,1.631365827254667,1,0.0,EllipticEnvelope/MCD
570937640,France,11.541993856208423,1,0.0,EllipticEnvelope/MCD
580125089,France,9.547753872514436,1,0.0,EllipticEnvelope/MCD
591088258,France,1.839051702054879,1,0.0,EllipticEnvelope/MCD
593778451,France,0.9909841765139303,1,0.0,EllipticEnvelope/MCD
595349224,France,1.6559635065360692,1,0.0,EllipticEnvelope/MCD
597091746,France,0.5976051707782732,1,0.0,EllipticEnvelope/MCD
598468769,France,1.4615591188449926,1,0.0,EllipticEnvelope/MCD
600283742,France,8.80950423394836,1,0.0,EllipticEnvelope/MCD
608090942,France,0.6664681680921787,1,0.0,EllipticEnvelope/MCD
620065675,France,1.1493220399865918,1,0.0,EllipticEnvelope/MCD
621889321,France,8.92595523120574,1,0.0,EllipticEnvelope/MCD
627568457,France,1.3815832641867167,1,0.0,EllipticEnvelope/MCD
629949963,France,2.4121579452791235,1,0.0,EllipticEnvelope/MCD
641636735,France,0.7283498396802589,1,0.0,EllipticEnvelope/MCD
643668564,France,1.9731037349650462,1,0.0,EllipticEnvelope/MCD
647913365,France,1.3589602139281565,1,0.0,EllipticEnvelope/MCD
660140090,France,2.003219195558855,1,0.0,EllipticEnvelope/MCD
674133860,France,1.8295687480243352,1,0.0,EllipticEnvelope/MCD
678158398,France,0.9330026912562295,1,0.0,EllipticEnvelope/MCD
679504462,France,0.8595645292521908,1,0.0,EllipticEnvelope/MCD
683402053,France,1.8070750449298445,1,0.0,EllipticEnvelope/MCD
694118682,France,1.9236095391066261,1,0.0,EllipticEnvelope/MCD
705561223,France,1.5822234949787892,1,0.0,EllipticEnvelope/MCD
720519326,France,1.7892232631386271,1,0.0,EllipticEnvelope/MCD
722197210,France,6.112949531424643,1,0.0,EllipticEnvelope/MCD
722908274,France,4.30219072805601,1,0.0,EllipticEnvelope/MCD
724448480,France,11.161554054403796,1,0.0,EllipticEnvelope/MCD
724638764,France,16.8123801853961,-1,0.13699824081473252,EllipticEnvelope/MCD
733587569,France,6.730599231731385,1,0.0,EllipticEnvelope/MCD
746255510,France,0.35133694942171534,1,0.0,EllipticEnvelope/MCD
749434747,France,0.6507398996619608,1,0.0,EllipticEnvelope/MCD
749937520,France,2.20082023097262,1,0.0,EllipticEnvelope/MCD
750400300,France,2.405823033321628,1,0.0,EllipticEnvelope/MCD
761838030,France,0.6828871698867001,1,0.0,EllipticEnvelope/MCD
766133415,France,2.1043641372163404,1,0.0,EllipticEnvelope/MCD
767793733,France,0.8186911775261332,1,0.0,EllipticEnvelope/MCD
772134211,France,5.232996666978397,1,0.0,EllipticEnvelope/MCD
773610320,France,5.6992464422299784,1,0.0,EllipticEnvelope/MCD
776350480,France,1.7788978516564558,1,0.0,EllipticEnvelope/MCD
778196639,France,7.0611939050970784,1,0.0,EllipticEnvelope/MCD
778903980,France,1.6773640749100465,1,0.0,EllipticEnvelope/MCD
782905490,France,1.3270453204401171,1,0.0,EllipticEnvelope/MCD
796664560,France,1.304848727016069,1,0.0,EllipticEnvelope/MCD
236109802,Liberia,2.622375097125314,1,0.0,EllipticEnvelope/MCD
236799075,Liberia,0.6819262546729489,1,0.0,EllipticEnvelope/MCD
239547546,Liberia,5.974527656137237,1,0.0,EllipticEnvelope/MCD
240011469,Liberia,4.818183272131334,1,0.0,EllipticEnvelope/MCD
242569188,Liberia,0.24182717049244207,1,0.0,EllipticEnvelope/MCD
258157843,Liberia,11.289191482248025,1,0.0,EllipticEnvelope/MCD
272132718,Liberia,8.495898775193158,1,0.0,EllipticEnvelope/MCD
274434905,Liberia,1.4877527022300454,1,0.0,EllipticEnvelope/MCD
278144112,Liberia,1.4494128484321438,1,0.0,EllipticEnvelope/MCD
284896056,Liberia,6.176657291629446,1,0.0,EllipticEnvelope/MCD
285312502,Liberia,2.2804574361651935,1,0.0,EllipticEnvelope/MCD
288730213,Liberia,4.945161821184353,1,0.0,EllipticEnvelope/MCD
294304036,Liberia,11.99313741915994,1,0.0,EllipticEnvelope/MCD
315113308,Liberia,9.411572687885803,1,0.0,EllipticEnvelope/MCD
320892082,Liberia,1.0098662899478146,1,0.0,EllipticEnvelope/MCD
332786654,Liberia,0.8888615469868242,1,0.0,EllipticEnvelope/MCD
342429088,Liberia,7.607391382851237,1,0.0,EllipticEnvelope/MCD
347759038,Liberia,8.992664122247096,1,0.0,EllipticEnvelope/MCD
348500992,Liberia,0.8817109121459761,1,0.0,EllipticEnvelope/MCD
354873118,Liberia,14.256684116906431,-1,0.01343359892576181,EllipticEnvelope/MCD
355968100,Liberia,9.152736407164745,1,0.0,EllipticEnvelope/MCD
356152670,Liberia,2.760864218459552,1,0.0,EllipticEnvelope/MCD
391151453,Liberia,2.603110847152374,1,0.0,EllipticEnvelope/MCD
391430690,Liberia,6.965309409667214,1,0.0,EllipticEnvelope/MCD
394819025,Liberia,2.1503702931062216,1,0.0,EllipticEnvelope/MCD
401032142,Liberia,1.1303649710256103,1,0.0,EllipticEnvelope/MCD
401816566,Liberia,2.7499888674155764,1,0.0,EllipticEnvelope/MCD
405176063,Liberia,19.18961780791555,-1,0.36409022445996725,EllipticEnvelope/MCD
421626132,Liberia,9.96019174443443,1,0.0,EllipticEnvelope/MCD
425682454,Liberia,0.9004381549161776,1,0.0,EllipticEnvelope/MCD
436352356,Liberia,1.785667799743488,1,0.0,EllipticEnvelope/MCD
439142651,Liberia,1.2916890392299838,1,0.0,EllipticEnvelope/MCD
448911983,Liberia,14.76646527328467,-1,0.0496712926094063,EllipticEnvelope/MCD
452240475,Liberia,2.481960468577194,1,0.0,EllipticEnvelope/MCD
457668606,Liberia,6.631554174472105,1,0.0,EllipticEnvelope/MCD
468098550,Liberia,1.324358944479196,1,0.0,EllipticEnvelope/MCD
472360093,Liberia,2.4735832938815885,1,0.0,EllipticEnvelope/MCD
479597234,Liberia,22.088294323443172,-1,0.5701420769920118,EllipticEnvelope/MCD
482078287,Liberia,2.7880910696650223,1,0.0,EllipticEnvelope/MCD
482698090,Liberia,2.5098486406360685,1,0.0,EllipticEnvelope/MCD
484170624,Liberia,0.9276579984239682,1,0.0,EllipticEnvelope/MCD
488479599,Liberia,1.6737173104471996,1,0.0,EllipticEnvelope/MCD
500902964,Liberia,15.917279013679666,-1,0.1314766620107443,EllipticEnvelope/MCD
504126903,Liberia,8.259334028918234,1,0.0,EllipticEnvelope/MCD
508742093,Liberia,3.989306902088796,1,0.0,EllipticEnvelope/MCD
512009169,Liberia,4.228145637630088,1,0.0,EllipticEnvelope/MCD
513758672,Liberia,1.5989397809915695,1,0.0,EllipticEnvelope/MCD
517049090,Liberia,18.254132493887873,-1,0.2975914340846508,EllipticEnvelope/MCD
519121293,Liberia,1.4064672161675613,1,0.0,EllipticEnvelope/MCD
525197879,Liberia,2.0835565726098704,1,0.0,EllipticEnvelope/MCD
531169485,Liberia,4.2259491399487015,1,0.0,EllipticEnvelope/MCD
541119258,Liberia,6.632959276184496,1,0.0,EllipticEnvelope/MCD
554310783,Liberia,9.599989513888119,1,0.0,EllipticEnvelope/MCD
554544656,Liberia,0.9111582309026961,1,0.0,EllipticEnvelope/MCD
563497602,Liberia,13.788196904586421,1,0.0,EllipticEnvelope/MCD
564065072,Liberia,5.1192002999225705,1,0.0,EllipticEnvelope/MCD
583912546,Liberia,3.712158502331511,1,0.0,EllipticEnvelope/MCD
587194626,Liberia,1.8988002268055912,1,0.0,EllipticEnvelope/MCD
593228934,Liberia,4.029777250656899,1,0.0,EllipticEnvelope/MCD
607981004,Liberia,1.5555136328249453,1,0.0,EllipticEnvelope/MCD
624645703,Liberia,2.0190001536829603,1,0.0,EllipticEnvelope/MCD
634057757,Liberia,22.26547012025775,-1,0.5827365838167374,EllipticEnvelope/MCD
636086009,Liberia,0.5463239871076399,1,0.0,EllipticEnvelope/MCD
636613948,Liberia,6.360763674035504,1,0.0,EllipticEnvelope/MCD
638790258,Liberia,3.7577084172718465,1,0.0,EllipticEnvelope/MCD
639076915,Liberia,0.9672890962642473,1,0.0,EllipticEnvelope/MCD
642530542,Liberia,13.126817027956202,1,0.0,EllipticEnvelope/MCD
645040370,Liberia,1.8077327905017955,1,0.0,EllipticEnvelope/MCD
659326175,Liberia,1.265482376462832,1,0.0,EllipticEnvelope/MCD
660103569,Liberia,12.366885153848495,1,0.0,EllipticEnvelope/MCD
666126066,Liberia,9.11204753462771,1,0.0,EllipticEnvelope/MCD
669664879,Liberia,2.210475425934006,1,0.0,EllipticEnvelope/MCD
678673276,Liberia,9.5248056755479,1,0.0,EllipticEnvelope/MCD
702708383,Liberia,5.3448236453128475,1,0.0,EllipticEnvelope/MCD
727417459,Liberia,6.678292372102858,1,0.0,EllipticEnvelope/MCD
728358748,Liberia,12.255432842808174,1,0.0,EllipticEnvelope/MCD
729834349,Liberia,0.9203033317805472,1,0.0,EllipticEnvelope/MCD
743162389,Liberia,12.080836870833929,1,0.0,EllipticEnvelope/MCD
747743383,Liberia,0.36614821158926003,1,0.0,EllipticEnvelope/MCD
748905485,Liberia,12.021893988910044,1,0.0,EllipticEnvelope/MCD
759217626,Liberia,2.042895637857218,1,0.0,EllipticEnvelope/MCD
763169399,Liberia,1.6596074946793384,1,0.0,EllipticEnvelope/MCD
767955728,Liberia,3.353087561570512,1,0.0,EllipticEnvelope/MCD
771150112,Liberia,7.777592724777383,1,0.0,EllipticEnvelope/MCD
775231305,Liberia,4.299311146456354,1,0.0,EllipticEnvelope/MCD
775404149,Liberia,1.6901512629805262,1,0.0,EllipticEnvelope/MCD
777022296,Liberia,3.9445238753649123,1,0.0,EllipticEnvelope/MCD
783771062,Liberia,18.499248945670686,-1,0.3150154890646998,EllipticEnvelope/MCD
790078615,Liberia,9.10825305910631,1,0.0,EllipticEnvelope/MCD
792401778,Liberia,5.057265648930482,1,0.0,EllipticEnvelope/MCD
794690449,Liberia,15.914645186790684,-1,0.13128943694205647,EllipticEnvelope/MCD
202156040,Malta,9.382224329481438,-1,0.057334979198456135,EllipticEnvelope/MCD
210044819,Malta,1.9056566347498625,1,0.0,EllipticEnvelope/MCD
213704539,Malta,10.215863081240501,-1,0.1512823611087875,EllipticEnvelope/MCD
218251125,Malta,5.762728257765736,1,0.0,EllipticEnvelope/MCD
230810621,Malta,2.3950519017065375,1,0.0,EllipticEnvelope/MCD
237361564,Malta,5.657070522575591,1,0.0,EllipticEnvelope/MCD
245808653,Malta,6.425810188141072,1,0.0,EllipticEnvelope/MCD
247443252,Malta,3.036523648664715,1,0.0,EllipticEnvelope/MCD
251261537,Malta,14.299734470780406,-1,0.6115165144470295,EllipticEnvelope/MCD
252620067,Malta,5.0036156264900224,1,0.0,EllipticEnvelope/MCD
259203883,Malta,1.5134867339553801,1,0.0,EllipticEnvelope/MCD
264651594,Malta,1.9586768481362142,1,0.0,EllipticEnvelope/MCD
274778707,Malta,0.8958640718075749,1,0.0,EllipticEnvelope/MCD
274897537,Malta,0.6806699981560249,1,0.0,EllipticEnvelope/MCD
287767589,Malta,0.11454115768443246,1,0.0,EllipticEnvelope/MCD
287792665,Malta,8.392685030132588,1,0.0,EllipticEnvelope/MCD
288065994,Malta,0.4475135604134813,1,0.0,EllipticEnvelope/MCD
288344510,Malta,0.6747264890827569,1,0.0,EllipticEnvelope/MCD
291644254,Malta,4.418493742446604,1,0.0,EllipticEnvelope/MCD
297489083,Malta,2.120261316345799,1,0.0,EllipticEnvelope/MCD
301027718,Malta,1.0280787555129927,1,0.0,EllipticEnvelope/MCD
318125935,Malta,2.965832296375287,1,0.0,EllipticEnvelope/MCD
335821955,Malta,0.32800426017318834,1,0.0,EllipticEnvelope/MCD
336052886,Malta,0.9732086603103238,1,0.0,EllipticEnvelope/MCD
336627928,Malta,2.470704196893559,1,0.0,EllipticEnvelope/MCD
339171260,Malta,2.718284768538418,1,0.0,EllipticEnvelope/MCD
342385591,Malta,1.9834767270430995,1,0.0,EllipticEnvelope/MCD
356273956,Malta,4.4176795696626705,1,0.0,EllipticEnvelope/MCD
357067982,Malta,3.447860333713096,1,0.0,EllipticEnvelope/MCD
360555312,Malta,4.011743063503465,1,0.0,EllipticEnvelope/MCD
372177283,Malta,2.0758699323252734,1,0.0,EllipticEnvelope/MCD
374237721,Malta,4.696352813297285,1,0.0,EllipticEnvelope/MCD
378984233,Malta,0.8447534854618011,1,0.0,EllipticEnvelope/MCD
391158344,Malta,0.10570779101134048,1,0.0,EllipticEnvelope/MCD
403551997,Malta,6.556375629415505,1,0.0,EllipticEnvelope/MCD
410444994,Malta,11.993129437979148,-1,0.35157237980164,EllipticEnvelope/MCD
412200014,Malta,1.5948630705210876,1,0.0,EllipticEnvelope/MCD
417153380,Malta,1.727831201630053,1,0.0,EllipticEnvelope/MCD
418169543,Malta,0.7158749108395006,1,0.0,EllipticEnvelope/MCD
419681851,Malta,7.021405039039835,1,0.0,EllipticEnvelope/MCD
420101729,Malta,9.461083698541504,-1,0.06622207957216211,EllipticEnvelope/MCD
420862582,Malta,8.76873411949805,1,0.0,EllipticEnvelope/MCD
443032358,Malta,0.7936863514215383,1,0.0,EllipticEnvelope/MCD
447149593,Malta,9.597080676076626,-1,0.08154833445196827,EllipticEnvelope/MCD
450391469,Malta,4.156736055279976,1,0.0,EllipticEnvelope/MCD
452754816,Malta,2.5505352434688593,1,0.0,EllipticEnvelope/MCD
465482524,Malta,0.39704680634427336,1,0.0,EllipticEnvelope/MCD
484144611,Malta,1.5583646797282569,1,0.0,EllipticEnvelope/MCD
485481754,Malta,2.115609683433429,1,0.0,EllipticEnvelope/MCD
504143081,Malta,3.497533616249377,1,0.0,EllipticEnvelope/MCD
509022925,Malta,4.084237754859031,1,0.0,EllipticEnvelope/MCD
515571477,Malta,6.64325765997244,1,0.0,EllipticEnvelope/MCD
517405518,Malta,1.8906803255475786,1,0.0,EllipticEnvelope/MCD
535652730,Malta,2.607183351160014,1,0.0,EllipticEnvelope/MCD
537549824,Malta,7.146709288401557,1,0.0,EllipticEnvelope/MCD
538393289,Malta,3.432554140545047,1,0.0,EllipticEnvelope/MCD
543131057,Malta,0.4779143803841147,1,0.0,EllipticEnvelope/MCD
543784647,Malta,2.927017341882645,1,0.0,EllipticEnvelope/MCD
544913102,Malta,2.1209827311964697,1,0.0,EllipticEnvelope/MCD
552519459,Malta,0.8912722011935723,1,0.0,EllipticEnvelope/MCD
553298294,Malta,3.423909535634912,1,0.0,EllipticEnvelope/MCD
566835528,Malta,1.8267494105286097,1,0.0,EllipticEnvelope/MCD
567624139,Malta,3.629371702207578,1,0.0,EllipticEnvelope/MCD
570192084,Malta,2.671612128941571,1,0.0,EllipticEnvelope/MCD
570452367,Malta,7.59518616846366,1,0.0,EllipticEnvelope/MCD
571927479,Malta,1.744807392226072,1,0.0,EllipticEnvelope/MCD
572005284,Malta,3.9740179943631877,1,0.0,EllipticEnvelope/MCD
572199062,Malta,1.5154393187868314,1,0.0,EllipticEnvelope/MCD
573332179,Malta,7.032554659822002,1,0.0,EllipticEnvelope/MCD
575896922,Malta,3.5877020063379237,1,0.0,EllipticEnvelope/MCD
583562034,Malta,2.4001234635860804,1,0.0,EllipticEnvelope/MCD
585113614,Malta,3.8521730404553103,1,0.0,EllipticEnvelope/MCD
592309524,Malta,4.232956118545366,1,0.0,EllipticEnvelope/MCD
603186147,Malta,4.816084363914829,1,0.0,EllipticEnvelope/MCD
608459693,Malta,0.3710092122369282,1,0.0,EllipticEnvelope/MCD
632924730,Malta,0.5723457336464419,1,0.0,EllipticEnvelope/MCD
636673685,Malta,0.9630619420649191,1,0.0,EllipticEnvelope/MCD
641208534,Malta,2.7508684767844422,1,0.0,EllipticEnvelope/MCD
643906365,Malta,3.983336188976157,1,0.0,EllipticEnvelope/MCD
652847414,Malta,0.4685111767762427,1,0.0,EllipticEnvelope/MCD
659248773,Malta,3.044223797316293,1,0.0,EllipticEnvelope/MCD
668956359,Malta,0.47156095174841495,1,0.0,EllipticEnvelope/MCD
675632623,Malta,1.6219999516550385,1,0.0,EllipticEnvelope/MCD
675737967,Malta,41.75935168244636,-1,1.0,EllipticEnvelope/MCD
682698033,Malta,0.3468541408835273,1,0.0,EllipticEnvelope/MCD
684534584,Malta,0.9489892448462312,1,0.0,EllipticEnvelope/MCD
688105049,Malta,2.5261865670049977,1,0.0,EllipticEnvelope/MCD
691566561,Malta,3.128398350928501,1,0.0,EllipticEnvelope/MCD
692604640,Malta,3.82346378348586,1,0.0,EllipticEnvelope/MCD
699529355,Malta,1.5923488982291991,1,0.0,EllipticEnvelope/MCD
704661953,Malta,8.111895070602793,1,0.0,EllipticEnvelope/MCD
719643596,Malta,4.186561684259821,1,0.0,EllipticEnvelope/MCD
723678138,Malta,3.055536803033945,1,0.0,EllipticEnvelope/MCD
728594801,Malta,4.119573897130051,1,0.0,EllipticEnvelope/MCD
729801011,Malta,11.711478842762876,-1,0.3198316096200461,EllipticEnvelope/MCD
731337211,Malta,5.879101936315629,1,0.0,EllipticEnvelope/MCD
749313033,Malta,4.249807925720635,1,0.0,EllipticEnvelope/MCD
755635261,Malta,1.3780396023008283,1,0.0,EllipticEnvelope/MCD
756035927,Malta,2.5885834771927447,1,0.0,EllipticEnvelope/MCD
761368866,Malta,5.085990025067604,1,0.0,EllipticEnvelope/MCD
765262794,Malta,2.0913389182409907,1,0.0,EllipticEnvelope/MCD
768075179,Malta,1.9538461986708362,1,0.0,EllipticEnvelope/MCD
771937775,Malta,7.904442833909984,1,0.0,EllipticEnvelope/MCD
772043340,Malta,2.4888763280359125,1,0.0,EllipticEnvelope/MCD
783480433,Malta,1.438415513511281,1,0.0,EllipticEnvelope/MCD
784062106,Malta,1.2270566900599875,1,0.0,EllipticEnvelope/MCD
786592775,Malta,6.9748594481987825,1,0.0,EllipticEnvelope/MCD
787790467,Malta,3.8250032642035463,1,0.0,EllipticEnvelope/MCD
790918169,Malta,9.232781525095337,-1,0.040493439397449184,EllipticEnvelope/MCD
793562464,Malta,1.3841152899026137,1,0.0,EllipticEnvelope/MCD
796002514,Malta,0.8053926640552163,1,0.0,EllipticEnvelope/MCD
798578134,Malta,22.873826757977387,-1,1.0,EllipticEnvelope/MCD
201837657,Marshall Islands,3.1189407766979476,1,0.0,EllipticEnvelope/MCD
205804175,Marshall Islands,1.944421778548392,1,0.0,EllipticEnvelope/MCD
208492908,Marshall Islands,0.41955276476479275,1,0.0,EllipticEnvelope/MCD
211394760,Marshall Islands,0.9108004025400247,1,0.0,EllipticEnvelope/MCD
231663168,Marshall Islands,26.341431907674774,-1,0.728255514693271,EllipticEnvelope/MCD
231960753,Marshall Islands,4.460032188173144,1,0.0,EllipticEnvelope/MCD
234821769,Marshall Islands,2.277829142075345,1,0.0,EllipticEnvelope/MCD
236409764,Marshall Islands,3.127180201465816,1,0.0,EllipticEnvelope/MCD
238178908,Marshall Islands,3.093568552851546,1,0.0,EllipticEnvelope/MCD
248068308,Marshall Islands,6.422954054818574,1,0.0,EllipticEnvelope/MCD
250320883,Marshall Islands,0.24436684685957033,1,0.0,EllipticEnvelope/MCD
267514528,Marshall Islands,3.8728147484403537,1,0.0,EllipticEnvelope/MCD
270851441,Marshall Islands,6.1496636936401785,1,0.0,EllipticEnvelope/MCD
272481430,Marshall Islands,4.593946318613152,1,0.0,EllipticEnvelope/MCD
272653360,Marshall Islands,1.2432848763096573,1,0.0,EllipticEnvelope/MCD
275509216,Marshall Islands,6.097527577085744,1,0.0,EllipticEnvelope/MCD
281753993,Marshall Islands,0.29778718137311017,1,0.0,EllipticEnvelope/MCD
286026287,Marshall Islands,0.4278780125684801,1,0.0,EllipticEnvelope/MCD
286169281,Marshall Islands,4.897253620920175,1,0.0,EllipticEnvelope/MCD
295701710,Marshall Islands,3.0469250204780445,1,0.0,EllipticEnvelope/MCD
303641269,Marshall Islands,22.906654275773914,-1,0.5029005148252415,EllipticEnvelope/MCD
310273206,Marshall Islands,1.329124998503542,1,0.0,EllipticEnvelope/MCD
315605444,Marshall Islands,2.0511444055813564,1,0.0,EllipticEnvelope/MCD
316474826,Marshall Islands,2.7565538065503987,1,0.0,EllipticEnvelope/MCD
320624243,Marshall Islands,6.448137655696719,1,0.0,EllipticEnvelope/MCD
329004558,Marshall Islands,1.2206204936206384,1,0.0,EllipticEnvelope/MCD
345832541,Marshall Islands,2.182643562692711,1,0.0,EllipticEnvelope/MCD
350521742,Marshall Islands,0.8955373045502862,1,0.0,EllipticEnvelope/MCD
354615733,Marshall Islands,1.6638042376960476,1,0.0,EllipticEnvelope/MCD
359830573,Marshall Islands,1.3413814206325498,1,0.0,EllipticEnvelope/MCD
362601507,Marshall Islands,2.3649176998267123,1,0.0,EllipticEnvelope/MCD
367500008,Marshall Islands,0.9049877360784196,1,0.0,EllipticEnvelope/MCD
372271550,Marshall Islands,23.57236532448728,-1,0.5465776693232816,EllipticEnvelope/MCD
372700428,Marshall Islands,1.9555265372353103,1,0.0,EllipticEnvelope/MCD
375856282,Marshall Islands,15.323126958051049,-1,0.005346966725868801,EllipticEnvelope/MCD
381712071,Marshall Islands,0.4760277112684898,1,0.0,EllipticEnvelope/MCD
385217219,Marshall Islands,4.82543309171151,1,0.0,EllipticEnvelope/MCD
398193465,Marshall Islands,13.980577942992076,1,0.0,EllipticEnvelope/MCD
399163627,Marshall Islands,7.703849883245714,1,0.0,EllipticEnvelope/MCD
403492770,Marshall Islands,15.582513896206821,-1,0.022365286302357158,EllipticEnvelope/MCD
406449637,Marshall Islands,0.5557957357084112,1,0.0,EllipticEnvelope/MCD
433665909,Marshall Islands,4.355292715546581,1,0.0,EllipticEnvelope/MCD
447432545,Marshall Islands,0.2627591260847355,1,0.0,EllipticEnvelope/MCD
452496498,Marshall Islands,4.108040628012343,1,0.0,EllipticEnvelope/MCD
471332874,Marshall Islands,1.7567435534842488,1,0.0,EllipticEnvelope/MCD
472097386,Marshall Islands,0.7599298205207643,1,0.0,EllipticEnvelope/MCD
473916468,Marshall Islands,4.580922536621858,1,0.0,EllipticEnvelope/MCD
474472853,Marshall Islands,4.893009544692821,1,0.0,EllipticEnvelope/MCD
474561158,Marshall Islands,4.36004995749832,1,0.0,EllipticEnvelope/MCD
479231964,Marshall Islands,3.626616497768766,1,0.0,EllipticEnvelope/MCD
489917841,Marshall Islands,2.4377230298579584,1,0.0,EllipticEnvelope/MCD
491037315,Marshall Islands,2.323414258666695,1,0.0,EllipticEnvelope/MCD
527862060,Marshall Islands,2.5921471009233574,1,0.0,EllipticEnvelope/MCD
529075482,Marshall Islands,3.707928132299693,1,0.0,EllipticEnvelope/MCD
544068709,Marshall Islands,1.0705900243427644,1,0.0,EllipticEnvelope/MCD
548068452,Marshall Islands,3.217187760771546,1,0.0,EllipticEnvelope/MCD
556310104,Marshall Islands,1.2013124929311432,1,0.0,EllipticEnvelope/MCD
557703737,Marshall Islands,2.863133032141699,1,0.0,EllipticEnvelope/MCD
573145682,Marshall Islands,13.255675710984596,1,0.0,EllipticEnvelope/MCD
580046531,Marshall Islands,1.515677548492691,1,0.0,EllipticEnvelope/MCD
583773375,Marshall Islands,0.5422222186343848,1,0.0,EllipticEnvelope/MCD
588758491,Marshall Islands,2.360232878354163,1,0.0,EllipticEnvelope/MCD
592723540,Marshall Islands,15.187299473125137,1,0.0,EllipticEnvelope/MCD
610514358,Marshall Islands,2.3208109130496712,1,0.0,EllipticEnvelope/MCD
611865374,Marshall Islands,0.49858032818522696,1,0.0,EllipticEnvelope/MCD
612140966,Marshall Islands,13.794766604586862,1,0.0,EllipticEnvelope/MCD
613708156,Marshall Islands,4.299658742978733,1,0.0,EllipticEnvelope/MCD
614309377,Marshall Islands,3.6432293169077696,1,0.0,EllipticEnvelope/MCD
619240990,Marshall Islands,5.267877857357951,1,0.0,EllipticEnvelope/MCD
624716449,Marshall Islands,3.506534458448517,1,0.0,EllipticEnvelope/MCD
624983313,Marshall Islands,5.711435946138086,1,0.0,EllipticEnvelope/MCD
625441675,Marshall Islands,6.311450675629051,1,0.0,EllipticEnvelope/MCD
630611193,Marshall Islands,3.5653161270455187,1,0.0,EllipticEnvelope/MCD
637825183,Marshall Islands,0.8973624479666232,1,0.0,EllipticEnvelope/MCD
641942797,Marshall Islands,0.6739736922128519,1,0.0,EllipticEnvelope/MCD
642006437,Marshall Islands,9.75399201943945,1,0.0,EllipticEnvelope/MCD
647506411,Marshall Islands,21.731293548613547,-1,0.4257853577757511,EllipticEnvelope/MCD
660008982,Marshall Islands,1.2184893789198055,1,0.0,EllipticEnvelope/MCD
665395794,Marshall Islands,2.7498732111330755,1,0.0,EllipticEnvelope/MCD
667865493,Marshall Islands,1.1532198046321303,1,0.0,EllipticEnvelope/MCD
675342430,Marshall Islands,2.008735307497572,1,0.0,EllipticEnvelope/MCD
679220360,Marshall Islands,3.776224067859532,1,0.0,EllipticEnvelope/MCD
679498794,Marshall Islands,5.062521920724402,1,0.0,EllipticEnvelope/MCD
687486089,Marshall Islands,1.2472590963898322,1,0.0,EllipticEnvelope/MCD
696020593,Marshall Islands,4.90902557230984,1,0.0,EllipticEnvelope/MCD
711942599,Marshall Islands,3.7229651035054285,1,0.0,EllipticEnvelope/MCD
726467074,Marshall Islands,6.898410880237541,1,0.0,EllipticEnvelope/MCD
742245762,Marshall Islands,3.9871376182428446,1,0.0,EllipticEnvelope/MCD
763846551,Marshall Islands,3.3876824591596635,1,0.0,EllipticEnvelope/MCD
766277551,Marshall Islands,12.045174388915193,1,0.0,EllipticEnvelope/MCD
768467727,Marshall Islands,5.868630418882766,1,0.0,EllipticEnvelope/MCD
773465268,Marshall Islands,1.389432620541775,1,0.0,EllipticEnvelope/MCD
778418171,Marshall Islands,12.250916524668975,1,0.0,EllipticEnvelope/MCD
781122679,Marshall Islands,6.0393281579837454,1,0.0,EllipticEnvelope/MCD
782140749,Marshall Islands,4.81099647163286,1,0.0,EllipticEnvelope/MCD
795339740,Marshall Islands,4.177591674378247,1,0.0,EllipticEnvelope/MCD
797047520,Marshall Islands,3.780409190446509,1,0.0,EllipticEnvelope/MCD
208204205,Panama,2.673073721240542,1,0.0,EllipticEnvelope/MCD
213287515,Panama,5.35046890172739,1,0.0,EllipticEnvelope/MCD
213740252,Panama,3.4430572298889133,1,0.0,EllipticEnvelope/MCD
221046878,Panama,11.131363703727212,1,0.0,EllipticEnvelope/MCD
222807422,Panama,0.4694812003603864,1,0.0,EllipticEnvelope/MCD
226103089,Panama,3.1381667221006833,1,0.0,EllipticEnvelope/MCD
227501683,Panama,7.31893292469936,1,0.0,EllipticEnvelope/MCD
229818721,Panama,3.131143985865066,1,0.0,EllipticEnvelope/MCD
245472810,Panama,1.589237687124252,1,0.0,EllipticEnvelope/MCD
247512338,Panama,1.0009615870819102,1,0.0,EllipticEnvelope/MCD
249938716,Panama,1.5309458425562326,1,0.0,EllipticEnvelope/MCD
249974230,Panama,12.010562170362263,1,0.0,EllipticEnvelope/MCD
260362728,Panama,1.010426835792408,1,0.0,EllipticEnvelope/MCD
260490181,Panama,6.726614538732807,1,0.0,EllipticEnvelope/MCD
260984664,Panama,5.590325038440293,1,0.0,EllipticEnvelope/MCD
266304575,Panama,4.045504125020327,1,0.0,EllipticEnvelope/MCD
273148379,Panama,1.100551816417598,1,0.0,EllipticEnvelope/MCD
275630215,Panama,4.194147278187965,1,0.0,EllipticEnvelope/MCD
282716427,Panama,6.072219226809229,1,0.0,EllipticEnvelope/MCD
283486500,Panama,9.950666159326058,1,0.0,EllipticEnvelope/MCD
285869970,Panama,0.6603167215592044,1,0.0,EllipticEnvelope/MCD
288338344,Panama,0.9654328444060462,1,0.0,EllipticEnvelope/MCD
290782162,Panama,1.5445132016371548,1,0.0,EllipticEnvelope/MCD
302489810,Panama,0.3835632965507261,1,0.0,EllipticEnvelope/MCD
310055463,Panama,0.7709729582404979,1,0.0,EllipticEnvelope/MCD
311470002,Panama,10.284755017936705,1,0.0,EllipticEnvelope/MCD
313328800,Panama,2.1580270294795185,1,0.0,EllipticEnvelope/MCD
315782943,Panama,3.674528340515692,1,0.0,EllipticEnvelope/MCD
319469731,Panama,1.6068132129012196,1,0.0,EllipticEnvelope/MCD
335267736,Panama,4.122397836411591,1,0.0,EllipticEnvelope/MCD
344513763,Panama,0.5027918952886321,1,0.0,EllipticEnvelope/MCD
350038017,Panama,4.204707079852412,1,0.0,EllipticEnvelope/MCD
352571434,Panama,2.558696281240453,1,0.0,EllipticEnvelope/MCD
352963430,Panama,1.9701495849432118,1,0.0,EllipticEnvelope/MCD
360247230,Panama,14.202991435297973,1,0.0,EllipticEnvelope/MCD
372353705,Panama,2.7061707740646272,1,0.0,EllipticEnvelope/MCD
382322288,Panama,2.6235042541270652,1,0.0,EllipticEnvelope/MCD
382714823,Panama,1.6554876329646233,1,0.0,EllipticEnvelope/MCD
391786359,Panama,2.0271166756872523,1,0.0,EllipticEnvelope/MCD
392617917,Panama,10.133657398056261,1,0.0,EllipticEnvelope/MCD
393784956,Panama,3.287368845099571,1,0.0,EllipticEnvelope/MCD
394645869,Panama,8.838816601129349,1,0.0,EllipticEnvelope/MCD
404128445,Panama,2.060628780433171,1,0.0,EllipticEnvelope/MCD
408697312,Panama,2.4074853043728246,1,0.0,EllipticEnvelope/MCD
412547846,Panama,1.4986781161946197,1,0.0,EllipticEnvelope/MCD
415742193,Panama,0.6244609300780907,1,0.0,EllipticEnvelope/MCD
420176132,Panama,0.6820988970841779,1,0.0,EllipticEnvelope/MCD
421800471,Panama,3.3235042926748903,1,0.0,EllipticEnvelope/MCD
425319931,Panama,0.8854913890756453,1,0.0,EllipticEnvelope/MCD
426878147,Panama,5.711288967037052,1,0.0,EllipticEnvelope/MCD
430248110,Panama,2.735297140694758,1,0.0,EllipticEnvelope/MCD
431125158,Panama,3.9146483212784444,1,0.0,EllipticEnvelope/MCD
433980731,Panama,4.678147522986899,1,0.0,EllipticEnvelope/MCD
436223782,Panama,2.533010525232147,1,0.0,EllipticEnvelope/MCD
443338863,Panama,4.642982149868336,1,0.0,EllipticEnvelope/MCD
449459316,Panama,14.013973870836965,1,0.0,EllipticEnvelope/MCD
451146016,Panama,13.543229384260158,1,0.0,EllipticEnvelope/MCD
468051507,Panama,3.658659715362018,1,0.0,EllipticEnvelope/MCD
471117456,Panama,14.900692639070183,1,0.0,EllipticEnvelope/MCD
478927568,Panama,3.9778334356241065,1,0.0,EllipticEnvelope/MCD
481152642,Panama,0.26897179676117067,1,0.0,EllipticEnvelope/MCD
481997523,Panama,0.8962596603946208,1,0.0,EllipticEnvelope/MCD
484698904,Panama,1.6269020589359124,1,0.0,EllipticEnvelope/MCD
486924016,Panama,5.23599735657985,1,0.0,EllipticEnvelope/MCD
492235960,Panama,1.1273177024927656,1,0.0,EllipticEnvelope/MCD
498567471,Panama,2.3855842013065076,1,0.0,EllipticEnvelope/MCD
512894233,Panama,25.021421087939036,-1,0.5921063663249778,EllipticEnvelope/MCD
524295608,Panama,2.507884594889046,1,0.0,EllipticEnvelope/MCD
525862714,Panama,8.74694613931095,1,0.0,EllipticEnvelope/MCD
539476072,Panama,12.591019812705856,1,0.0,EllipticEnvelope/MCD
548384565,Panama,0.7283809986681947,1,0.0,EllipticEnvelope/MCD
548536338,Panama,2.8350747493722377,1,0.0,EllipticEnvelope/MCD
556615041,Panama,15.76995439820645,-1,0.0034380024139197113,EllipticEnvelope/MCD
558449339,Panama,0.31849911299618844,1,0.0,EllipticEnvelope/MCD
559795298,Panama,6.234213902929023,1,0.0,EllipticEnvelope/MCD
559968652,Panama,1.2195200005269597,1,0.0,EllipticEnvelope/MCD
561690462,Panama,1.0005728907919056,1,0.0,EllipticEnvelope/MCD
566572399,Panama,0.6965099713019034,1,0.0,EllipticEnvelope/MCD
568118485,Panama,5.2116027171313295,1,0.0,EllipticEnvelope/MCD
570495346,Panama,5.446745601420827,1,0.0,EllipticEnvelope/MCD
571770455,Panama,0.25492794937761076,1,0.0,EllipticEnvelope/MCD
579409855,Panama,2.4630892546726075,1,0.0,EllipticEnvelope/MCD
580720286,Panama,51.76804456719589,-1,1.0,EllipticEnvelope/MCD
581386673,Panama,2.4275012344501903,1,0.0,EllipticEnvelope/MCD
586349749,Panama,9.749752086966938,1,0.0,EllipticEnvelope/MCD
587285928,Panama,6.810159668068775,1,0.0,EllipticEnvelope/MCD
598504483,Panama,2.1578293621619427,1,0.0,EllipticEnvelope/MCD
599067818,Panama,2.2719728799779744,1,0.0,EllipticEnvelope/MCD
601362648,Panama,1.822721227772108,1,0.0,EllipticEnvelope/MCD
607651473,Panama,8.236625954035361,1,0.0,EllipticEnvelope/MCD
609530496,Panama,4.124810541119743,1,0.0,EllipticEnvelope/MCD
614022050,Panama,18.36141104290073,-1,0.16833169920165764,EllipticEnvelope/MCD
620300412,Panama,1.9761732368961902,1,0.0,EllipticEnvelope/MCD
625555616,Panama,2.511423071044975,1,0.0,EllipticEnvelope/MCD
629607462,Panama,3.435428793838938,1,0.0,EllipticEnvelope/MCD
630180360,Panama,4.110071710834424,1,0.0,EllipticEnvelope/MCD
637883177,Panama,16.382929689737573,-1,0.04244145711845805,EllipticEnvelope/MCD
647830647,Panama,3.0533730745988583,1,0.0,EllipticEnvelope/MCD
648721599,Panama,1.3972941027462666,1,0.0,EllipticEnvelope/MCD
649179064,Panama,6.736430889794126,1,0.0,EllipticEnvelope/MCD
656481138,Panama,0.8469925089456385,1,0.0,EllipticEnvelope/MCD
656938489,Panama,6.550740870327239,1,0.0,EllipticEnvelope/MCD
666033258,Panama,6.508697158128357,1,0.0,EllipticEnvelope/MCD
675065379,Panama,5.448854009592637,1,0.0,EllipticEnvelope/MCD
706491378,Panama,1.2456558571651046,1,0.0,EllipticEnvelope/MCD
715406233,Panama,9.457040942762106,1,0.0,EllipticEnvelope/MCD
722440326,Panama,0.9083690317488833,1,0.0,EllipticEnvelope/MCD
729794426,Panama,2.0555493242701375,1,0.0,EllipticEnvelope/MCD
744192701,Panama,1.107758280662546,1,0.0,EllipticEnvelope/MCD
750940589,Panama,34.09817972222159,-1,1.0,EllipticEnvelope/MCD
752014060,Panama,0.47342567824152915,1,0.0,EllipticEnvelope/MCD
758310772,Panama,2.418278290860412,1,0.0,EllipticEnvelope/MCD
763605056,Panama,3.7452122263882552,1,0.0,EllipticEnvelope/MCD
769565144,Panama,3.3560082904600357,1,0.0,EllipticEnvelope/MCD
775929575,Panama,0.3745217511117335,1,0.0,EllipticEnvelope/MCD
777450460,Panama,6.827464002428755,1,0.0,EllipticEnvelope/MCD
780476855,Panama,2.237279194623999,1,0.0,EllipticEnvelope/MCD
780860305,Panama,0.8345308119585102,1,0.0,EllipticEnvelope/MCD
782576379,Panama,2.6487358702109423,1,0.0,EllipticEnvelope/MCD
787276961,Panama,2.386653941519003,1,0.0,EllipticEnvelope/MCD
787632236,Panama,0.9366036486491603,1,0.0,EllipticEnvelope/MCD
792400356,Panama,10.066807762652608,1,0.0,EllipticEnvelope/MCD
794556784,Panama,3.1802047924917107,1,0.0,EllipticEnvelope/MCD
795801450,Panama,4.271094644397288,1,0.0,EllipticEnvelope/MCD
206220320,Singapore,19.820109442912997,1,0.0,EllipticEnvelope/MCD
209428274,Singapore,6.512197224267266,1,0.0,EllipticEnvelope/MCD
209766902,Singapore,7.424721264006599,1,0.0,EllipticEnvelope/MCD
211239944,Singapore,29.619332327120762,-1,0.024484362721263052,EllipticEnvelope/MCD
220627024,Singapore,11.250921362946487,1,0.0,EllipticEnvelope/MCD
225377906,Singapore,50.80012617426097,-1,0.757093452175618,EllipticEnvelope/MCD
233953583,Singapore,1.7414791726630452,1,0.0,EllipticEnvelope/MCD
236700807,Singapore,8.747408254558845,1,0.0,EllipticEnvelope/MCD
255660986,Singapore,6.77765805022481,1,0.0,EllipticEnvelope/MCD
260756426,Singapore,2.290723957583542,1,0.0,EllipticEnvelope/MCD
271063396,Singapore,5.961336281707058,1,0.0,EllipticEnvelope/MCD
272130864,Singapore,22.530793002977862,1,0.0,EllipticEnvelope/MCD
272713588,Singapore,2.8571719457701295,1,0.0,EllipticEnvelope/MCD
277439544,Singapore,8.097085806747506,1,0.0,EllipticEnvelope/MCD
286089776,Singapore,3.4339021530642486,1,0.0,EllipticEnvelope/MCD
287106487,Singapore,1.1706418109839798,1,0.0,EllipticEnvelope/MCD
289890030,Singapore,0.5000179391637839,1,0.0,EllipticEnvelope/MCD
296114362,Singapore,5.90696541970402,1,0.0,EllipticEnvelope/MCD
306994240,Singapore,7.447703993558024,1,0.0,EllipticEnvelope/MCD
314390060,Singapore,0.35455403078722375,1,0.0,EllipticEnvelope/MCD
316234277,Singapore,2.359077065563516,1,0.0,EllipticEnvelope/MCD
327690307,Singapore,0.9257886873975114,1,0.0,EllipticEnvelope/MCD
332649240,Singapore,22.590569582389175,1,0.0,EllipticEnvelope/MCD
338445994,Singapore,11.341489637180254,1,0.0,EllipticEnvelope/MCD
339126012,Singapore,7.376679724590612,1,0.0,EllipticEnvelope/MCD
369075346,Singapore,3.345270034352426,1,0.0,EllipticEnvelope/MCD
371121059,Singapore,35.80338729791467,-1,0.238380731005906,EllipticEnvelope/MCD
377068202,Singapore,1.7913779431897132,1,0.0,EllipticEnvelope/MCD
377712245,Singapore,1.0016479732253671,1,0.0,EllipticEnvelope/MCD
377992909,Singapore,0.9792180384211684,1,0.0,EllipticEnvelope/MCD
389921162,Singapore,6.175905028359628,1,0.0,EllipticEnvelope/MCD
393509366,Singapore,1.91294723162574,1,0.0,EllipticEnvelope/MCD
409089660,Singapore,2.568985068656497,1,0.0,EllipticEnvelope/MCD
409203436,Singapore,3.838631924630116,1,0.0,EllipticEnvelope/MCD
417287774,Singapore,6.264356806849028,1,0.0,EllipticEnvelope/MCD
424210268,Singapore,1.0293962580061606,1,0.0,EllipticEnvelope/MCD
425344391,Singapore,7.529917898530042,1,0.0,EllipticEnvelope/MCD
433158282,Singapore,23.280254049668258,1,0.0,EllipticEnvelope/MCD
437879281,Singapore,1.3864356815563212,1,0.0,EllipticEnvelope/MCD
443780416,Singapore,5.7610186448086,1,0.0,EllipticEnvelope/MCD
466000944,Singapore,1.180499196486475,1,0.0,EllipticEnvelope/MCD
475112776,Singapore,0.3776708645377733,1,0.0,EllipticEnvelope/MCD
479502357,Singapore,12.83961011009308,1,0.0,EllipticEnvelope/MCD
486243458,Singapore,1.6564381458618167,1,0.0,EllipticEnvelope/MCD
492381951,Singapore,0.6839681032969561,1,0.0,EllipticEnvelope/MCD
493976714,Singapore,8.342979901334287,1,0.0,EllipticEnvelope/MCD
497077187,Singapore,1.0687897363160663,1,0.0,EllipticEnvelope/MCD
498768789,Singapore,2.916886787965561,1,0.0,EllipticEnvelope/MCD
500125271,Singapore,3.428022502336246,1,0.0,EllipticEnvelope/MCD
503603324,Singapore,9.336958106107447,1,0.0,EllipticEnvelope/MCD
505223390,Singapore,1.915200391759923,1,0.0,EllipticEnvelope/MCD
511165374,Singapore,16.375208573095755,1,0.0,EllipticEnvelope/MCD
520054675,Singapore,4.989284381469626,1,0.0,EllipticEnvelope/MCD
520255194,Singapore,5.069053619448417,1,0.0,EllipticEnvelope/MCD
531282226,Singapore,0.9847934532948535,1,0.0,EllipticEnvelope/MCD
535166257,Singapore,4.6379755612350815,1,0.0,EllipticEnvelope/MCD
538642695,Singapore,0.5620302612190156,1,0.0,EllipticEnvelope/MCD
545033469,Singapore,4.088500784839869,1,0.0,EllipticEnvelope/MCD
558380004,Singapore,4.193053025232633,1,0.0,EllipticEnvelope/MCD
576154640,Singapore,1.5587827458815429,1,0.0,EllipticEnvelope/MCD
580586117,Singapore,1.4541705487518666,1,0.0,EllipticEnvelope/MCD
588766776,Singapore,0.9782804955214197,1,0.0,EllipticEnvelope/MCD
607056461,Singapore,1.9591200145735541,1,0.0,EllipticEnvelope/MCD
607110638,Singapore,4.37193638729151,1,0.0,EllipticEnvelope/MCD
610868842,Singapore,4.118680718072813,1,0.0,EllipticEnvelope/MCD
614933936,Singapore,13.953515967509809,1,0.0,EllipticEnvelope/MCD
619375900,Singapore,16.707809538704907,1,0.0,EllipticEnvelope/MCD
621733378,Singapore,2.1527048688471013,1,0.0,EllipticEnvelope/MCD
625178192,Singapore,4.449020579546688,1,0.0,EllipticEnvelope/MCD
634142832,Singapore,4.83410095066858,1,0.0,EllipticEnvelope/MCD
641088694,Singapore,8.85404473990384,1,0.0,EllipticEnvelope/MCD
642979664,Singapore,3.3530893697995463,1,0.0,EllipticEnvelope/MCD
644494022,Singapore,12.516886314756782,1,0.0,EllipticEnvelope/MCD
645475822,Singapore,4.68461337101797,1,0.0,EllipticEnvelope/MCD
646035868,Singapore,37.63284874122047,-1,0.30165881641879416,EllipticEnvelope/MCD
650238672,Singapore,1.711863489293809,1,0.0,EllipticEnvelope/MCD
652949635,Singapore,0.9103326400561746,1,0.0,EllipticEnvelope/MCD
653490597,Singapore,4.203852892042076,1,0.0,EllipticEnvelope/MCD
660326323,Singapore,5.739616935147912,1,0.0,EllipticEnvelope/MCD
661759768,Singapore,3.3128705426005345,1,0.0,EllipticEnvelope/MCD
664640837,Singapore,4.553373806961315,1,0.0,EllipticEnvelope/MCD
671354147,Singapore,1.4648565742491797,1,0.0,EllipticEnvelope/MCD
671793762,Singapore,4.200028159686851,1,0.0,EllipticEnvelope/MCD
686834541,Singapore,1.3783249404186197,1,0.0,EllipticEnvelope/MCD
693467838,Singapore,0.3296633238665091,1,0.0,EllipticEnvelope/MCD
697499423,Singapore,9.85381620192567,1,0.0,EllipticEnvelope/MCD
699245737,Singapore,0.9553516171716852,1,0.0,EllipticEnvelope/MCD
699922387,Singapore,2.0840420437520315,1,0.0,EllipticEnvelope/MCD
718413378,Singapore,5.747744678345567,1,0.0,EllipticEnvelope/MCD
729874439,Singapore,1.0470625831834985,1,0.0,EllipticEnvelope/MCD
737553133,Singapore,0.8457897858437365,1,0.0,EllipticEnvelope/MCD
738742479,Singapore,18.177616703010663,1,0.0,EllipticEnvelope/MCD
744844875,Singapore,4.2215753509522465,1,0.0,EllipticEnvelope/MCD
750747879,Singapore,3.926342601413932,1,0.0,EllipticEnvelope/MCD
752289007,Singapore,0.3876673996649679,1,0.0,EllipticEnvelope/MCD
760384526,Singapore,1.3618643224868958,1,0.0,EllipticEnvelope/MCD
761439274,Singapore,17.709575093069333,1,0.0,EllipticEnvelope/MCD
764633816,Singapore,2.768409846187027,1,0.0,EllipticEnvelope/MCD
771069098,Singapore,4.1337189191355765,1,0.0,EllipticEnvelope/MCD
775416352,Singapore,27.596822264922864,1,0.0,EllipticEnvelope/MCD
778281235,Singapore,4.429547301094094,1,0.0,EllipticEnvelope/MCD
779676678,Singapore,0.7519286523108396,1,0.0,EllipticEnvelope/MCD
780611688,Singapore,6.180305283829615,1,0.0,EllipticEnvelope/MCD
780970320,Singapore,1.4388764212560006,1,0.0,EllipticEnvelope/MCD
786527370,Singapore,1.954799075208865,1,0.0,EllipticEnvelope/MCD
789983559,Singapore,2.035497418684996,1,0.0,EllipticEnvelope/MCD
794030443,Singapore,1.3157188564677877,1,0.0,EllipticEnvelope/MCD
200698187,USA,1.2600443505476984,1,0.0,EllipticEnvelope/MCD
206352442,USA,17.07688925713748,1,0.0,EllipticEnvelope/MCD
207618219,USA,3.840877672438034,1,0.0,EllipticEnvelope/MCD
208289492,USA,1.7916712735054825,1,0.0,EllipticEnvelope/MCD
210027019,USA,2.897479362647543,1,0.0,EllipticEnvelope/MCD
222054856,USA,7.095103679320677,1,0.0,EllipticEnvelope/MCD
224383026,USA,0.7164226108899989,1,0.0,EllipticEnvelope/MCD
226542358,USA,12.97022512455262,1,0.0,EllipticEnvelope/MCD
232381331,USA,8.523083301117259,1,0.0,EllipticEnvelope/MCD
243740029,USA,0.5885497460260816,1,0.0,EllipticEnvelope/MCD
252789184,USA,8.448275267332262,1,0.0,EllipticEnvelope/MCD
254528621,USA,3.0519474070663453,1,0.0,EllipticEnvelope/MCD
256362827,USA,23.792617872314654,-1,0.036691764223801104,EllipticEnvelope/MCD
303568824,USA,1.2881600627711711,1,0.0,EllipticEnvelope/MCD
305790946,USA,2.812339819548712,1,0.0,EllipticEnvelope/MCD
312878650,USA,1.1219834779625508,1,0.0,EllipticEnvelope/MCD
315074468,USA,22.4292338500865,1,0.0,EllipticEnvelope/MCD
318975900,USA,0.6451460775696167,1,0.0,EllipticEnvelope/MCD
334709857,USA,5.01510645131389,1,0.0,EllipticEnvelope/MCD
340714037,USA,4.739394167313746,1,0.0,EllipticEnvelope/MCD
343126146,USA,15.371666193475114,1,0.0,EllipticEnvelope/MCD
359390541,USA,10.091135843189106,1,0.0,EllipticEnvelope/MCD
372051562,USA,12.247431021741768,1,0.0,EllipticEnvelope/MCD
373306649,USA,0.44121223760933537,1,0.0,EllipticEnvelope/MCD
377899981,USA,1.9371633321826194,1,0.0,EllipticEnvelope/MCD
378249098,USA,16.914488911816893,1,0.0,EllipticEnvelope/MCD
383308981,USA,8.32229959857411,1,0.0,EllipticEnvelope/MCD
386428572,USA,6.053248851182321,1,0.0,EllipticEnvelope/MCD
388953506,USA,1.0387036540270322,1,0.0,EllipticEnvelope/MCD
390169657,USA,3.848711043256486,1,0.0,EllipticEnvelope/MCD
397348659,USA,0.2521945048068052,1,0.0,EllipticEnvelope/MCD
401528305,USA,2.3454963069116914,1,0.0,EllipticEnvelope/MCD
405294999,USA,5.808329307954329,1,0.0,EllipticEnvelope/MCD
407783617,USA,3.8213911926353945,1,0.0,EllipticEnvelope/MCD
417393024,USA,9.256812472268305,1,0.0,EllipticEnvelope/MCD
418369900,USA,3.5010807572090537,1,0.0,EllipticEnvelope/MCD
422364175,USA,6.258548552505919,1,0.0,EllipticEnvelope/MCD
424592926,USA,1.4377951022151891,1,0.0,EllipticEnvelope/MCD
431297958,USA,0.26281176727931577,1,0.0,EllipticEnvelope/MCD
439796108,USA,3.440340708630178,1,0.0,EllipticEnvelope/MCD
441462536,USA,11.382496060421905,1,0.0,EllipticEnvelope/MCD
444890693,USA,3.023625247872713,1,0.0,EllipticEnvelope/MCD
468131793,USA,33.78992238180695,-1,0.47229423996010667,EllipticEnvelope/MCD
471709181,USA,18.524649956206744,1,0.0,EllipticEnvelope/MCD
471846120,USA,22.230088940639053,1,0.0,EllipticEnvelope/MCD
498001386,USA,14.269140554412783,1,0.0,EllipticEnvelope/MCD
507796518,USA,1.0851071697406873,1,0.0,EllipticEnvelope/MCD
510828755,USA,1.2275689025329768,1,0.0,EllipticEnvelope/MCD
513453764,USA,3.4530350441386517,1,0.0,EllipticEnvelope/MCD
515184149,USA,4.458787192115339,1,0.0,EllipticEnvelope/MCD
522395156,USA,16.124213787065,1,0.0,EllipticEnvelope/MCD
522604490,USA,1.9620075540921484,1,0.0,EllipticEnvelope/MCD
525093906,USA,3.82250194186397,1,0.0,EllipticEnvelope/MCD
525724682,USA,1.8017180006715425,1,0.0,EllipticEnvelope/MCD
535376810,USA,4.479154436277753,1,0.0,EllipticEnvelope/MCD
536588185,USA,1.2525548252625316,1,0.0,EllipticEnvelope/MCD
543045682,USA,29.800732191532298,-1,0.2984772754556544,EllipticEnvelope/MCD
563249678,USA,0.7190072473703096,1,0.0,EllipticEnvelope/MCD
567867003,USA,1.5317729438325978,1,0.0,EllipticEnvelope/MCD
571342118,USA,6.631097782503321,1,0.0,EllipticEnvelope/MCD
591313077,USA,1.3169935130026835,1,0.0,EllipticEnvelope/MCD
598230058,USA,3.4171391329525385,1,0.0,EllipticEnvelope/MCD
599501374,USA,2.3391099707072103,1,0.0,EllipticEnvelope/MCD
600006033,USA,1.8196800604955339,1,0.0,EllipticEnvelope/MCD
604101348,USA,4.9027314364792165,1,0.0,EllipticEnvelope/MCD
606592283,USA,3.7446925036831393,1,0.0,EllipticEnvelope/MCD
609473975,USA,0.7903679623870729,1,0.0,EllipticEnvelope/MCD
616945014,USA,0.29443357816765314,1,0.0,EllipticEnvelope/MCD
630842944,USA,2.8503755593837967,1,0.0,EllipticEnvelope/MCD
632636162,USA,3.840329649625931,1,0.0,EllipticEnvelope/MCD
649886379,USA,3.8240046825061422,1,0.0,EllipticEnvelope/MCD
652343612,USA,4.582502520393052,1,0.0,EllipticEnvelope/MCD
654243705,USA,2.653107291492624,1,0.0,EllipticEnvelope/MCD
674904608,USA,4.97670866773816,1,0.0,EllipticEnvelope/MCD
677561700,USA,2.057459420244862,1,0.0,EllipticEnvelope/MCD
679668591,USA,0.31073517744055695,1,0.0,EllipticEnvelope/MCD
680213971,USA,3.0583824550883123,1,0.0,EllipticEnvelope/MCD
698666723,USA,4.542919322234846,1,0.0,EllipticEnvelope/MCD
708338175,USA,12.303655407756205,1,0.0,EllipticEnvelope/MCD
722847112,USA,2.5287340314688183,1,0.0,EllipticEnvelope/MCD
727206661,USA,1.5112421409716665,1,0.0,EllipticEnvelope/MCD
735319356,USA,1.8811389104271037,1,0.0,EllipticEnvelope/MCD
735932992,USA,4.7859691620670235,1,0.0,EllipticEnvelope/MCD
738790875,USA,5.45060394842714,1,0.0,EllipticEnvelope/MCD
760132103,USA,3.106853561794552,1,0.0,EllipticEnvelope/MCD
764353680,USA,27.488191173862138,-1,0.1977152558950404,EllipticEnvelope/MCD
764776555,USA,13.709654847961387,1,0.0,EllipticEnvelope/MCD
780410570,USA,3.050429723374101,1,0.0,EllipticEnvelope/MCD
780543548,USA,3.846644098727269,1,0.0,EllipticEnvelope/MCD
788222557,USA,9.410293378590366,1,0.0,EllipticEnvelope/MCD
796671313,USA,13.351440419223012,1,0.0,EllipticEnvelope/MCD
